replace_word,word
アニメ,深夜アニメ
アニメ,アニメ声優
ライトノベル,ラノベ
音楽,好きな音楽
ロック,プログレ
ロック,J-ROCK
バラエティ,バラエティー
ゲーム,TVゲーム
スマホ,スマフォ
テレビ,番組
テレビ,地上波
テレビ,テレビっ子
テレビ,TV
ドラマ,TVドラマ
お笑い,漫才
バラエティ,芸能
ライブ,ライヴ
J-POP,邦楽
アジカン,あじかん
ロック,ロックバンド
ロック,J-ROCK
映画,映画鑑賞
映画,映画館
漫画,まんが
読書,本読み
読書,本が好き
読書,本読み
仏像,仏閣
神社,寺社
カフェ,喫茶店
アニメ,アニメ映画
ラジオ,TBSラジオ
街歩き,町歩き
飲み歩き,呑み歩き
山登り,登山
山登り,ハイキング
飛行機,旅客機
飛行機,航空機
飛行機,航空
クルマ,自動車
バイク,オートバイ
バイク,二輪
バイク,原付
ランニング,ジョギング
ダイビング,スキューバダイビング
釣り,海釣り
2ちゃん,2ch
2ちゃん,2ちゃんねる
2ちゃん,2chまとめサイト
読書,本が好き
読書,本
仏像,仏閣
神社,寺社
カフェ,喫茶店
アニメ,アニメ映画
ラジオ,TBSラジオ
山登り,クライミング
野球,サード
野球,捕手
野球,遊撃手
野球,内野手
野球,外野手
野球,レフト
野球,野球ファン
学生,学生さん
しょうが,生姜
犬,ワンコ
犬,ワンちゃん
犬,愛犬
犬,イヌ
猫,ネコ
猫,猫ちゃん
コーヒー,珈琲
ご飯,ごはん
お酒,酒好き
お酒,酒飲み
お酒,飲酒
お酒,居酒屋
たばこ,愛煙家
たばこ,煙草
たばこ,タバコ
大学,近大
大学,日大
大学,日体大
大学,久留米大
大学,北九大
大学,九産大
大学,九大
大学,阪大
大学,京大
大学,京産大
大学,東大
大学,北大
大学,神大
大学,法政大
大学,関西大
大学,筑波大
大学,早稲
大学,東洋大
大学,東工大
大学,東北大
大学,東海大
大学,千葉工大
大学,明星
大学,明治学院
大学,慶應義塾
大学,関西学院
経済学,経済学部
経営,経営学部
政治経済,政治経済学部
社会学,社会学部
教育学,教育学部
人文学,人文学部
文学,文学部
心理学,心理学部
商学,商学部
理学,理学部
農業,農学部
薬学,薬学部
農業,農工大
農業,東農大
農業,中央大
工学,工大
医学,医学生
C言語,C/C++
ゲームプログラマー,ゲームプログラマ
プログラマー,プログラマ
台湾,台灣
FCバルセロナ,バルサ
バスケットボール,バスケ
バレーボール,バレー
バドミントン,バド部
テニス,テニス部
サッカー,サッカー部
サッカー,高校サッカー
ボウリング,ボーリング
スノボ,スノボー
スノボ,スノーボード
スケボー,スケートボード
スケボー,スケボ
ショッピング,買い物
ショッピング,買物
マクドナルド,マック
マジック,手品
マジック,マジシャン
アスペルガー,アスペルガー症候群
お菓子, 菓子
科学技術,科技
