surface,lexical,speech
食べ歩き,食べ歩き,タベアルキ
街歩き,街歩き,マチアルキ
町歩き,町歩き,マチアルキ
呑み歩き,呑み歩き,ノミアルキ
飲み歩き,飲み歩き,ノミアルキ
スイーツ,スイーツ,スイーツ
お肉,お肉,オニク
肉,お肉,オニク
娘,娘,ムスメ
Premier League,プレミアリーグ,プレミアリーグ
プレミアリーグ,プレミアリーグ,プレミアリーグ
プレミア,プレミアリーグ,プレミアリーグ
Major League,メジャーリーグ,メジャーリーグ
メジャー,メジャーリーグ,メジャーリーグ
メジャーリーグ,メジャーリーグ,メジャーリーグ
エンタメ,エンターテイメント,エンターテイメント
ジャニーズ,ジャニーズ,ジャニーズ
ROAD BIKE,ロードバイク,ロードバイク
ロードバイク,ロードバイク,ロードバイク
ニート,ニート,ニート
自宅ラック,自宅ラック,ジタクラック
ボードゲーム,ボードゲーム,ボードゲーム
マリオカート,マリオカート,マリオカート
ベイスターズ,横浜DeNAベイスターズ,ベイスターズ
#giants,読売ジャイアンツ,ジャイアンツ
読売,読売ジャイアンツ,ジャイアンツ
ジャイアンツ,読売ジャイアンツ,ジャイアンツ
THE DRAGONS,中日ドラゴンズ,ドラゴンズ
中日,中日ドラゴンズ,ドラゴンズ
ミラン,ACミラン,ミラン
いぬ,犬,イヌ
ねこ,猫,ネコ
IDOL,アイドル,アイドル
web,Web,ウェブ
Blog,ブログ,ブログ
blog,ブログ,ブログ
モンハン,モンハン,モンハン
クラウドファンディング,クラウドファンディング,クラウドファンディング
